4.296727e+04,5.701190e+04,3.420294e+04,2.153897e+04,3.443853e+04,6.822457e+04,1.053958e+04,2.324501e+04,1.923667e+04,6.590070e+03,-6.381046e+03,2.839621e+04,1.573819e+04,1.880666e+04,2.523470e+04,1.601789e+04,1.628303e+04,3.263900e+04,1.651558e+04,7.841938e+03,2.019362e+04,1.449074e+04,1.195059e+04,2.111691e+04,2.316881e+04,1.010553e+04,3.741953e+04,1.892741e+04,1.811966e+04,4.589215e+04,-9.626299e+03,2.270287e+04,-5.665524e+03,2.031143e+04
4.297614e+04,5.701604e+04,3.419395e+04,2.153338e+04,3.442886e+04,6.822469e+04,1.056408e+04,2.323589e+04,1.927702e+04,6.638289e+03,-6.365608e+03,2.843389e+04,1.570346e+04,1.878865e+04,2.522127e+04,1.600594e+04,1.629499e+04,3.263857e+04,1.653534e+04,7.882453e+03,2.021484e+04,1.449959e+04,1.194009e+04,2.109254e+04,2.314901e+04,1.012395e+04,3.742670e+04,1.893203e+04,1.811706e+04,4.588973e+04,-9.597972e+03,2.270991e+04,-5.666115e+03,2.034323e+04
4.299111e+04,5.702612e+04,3.418409e+04,2.152689e+04,3.444856e+04,6.821845e+04,1.057493e+04,2.323409e+04,1.926690e+04,6.676793e+03,-6.324053e+03,2.846851e+04,1.571029e+04,1.878672e+04,2.523117e+04,1.600662e+04,1.630665e+04,3.264460e+04,1.656856e+04,7.927410e+03,2.024403e+04,1.449564e+04,1.196990e+04,2.113534e+04,2.315266e+04,1.012506e+04,3.743572e+04,1.894610e+04,1.812414e+04,4.589037e+04,-9.579447e+03,2.270802e+04,-5.659188e+03,2.032933e+04
4.297986e+04,5.701497e+04,3.417349e+04,2.152058e+04,3.445290e+04,6.821739e+04,1.057741e+04,2.326562e+04,1.927538e+04,6.710709e+03,-6.285311e+03,2.849007e+04,1.575852e+04,1.877802e+04,2.526491e+04,1.601382e+04,1.630419e+04,3.263843e+04,1.659925e+04,7.947148e+03,2.028635e+04,1.450081e+04,1.202209e+04,2.117549e+04,2.316522e+04,1.010890e+04,3.744554e+04,1.896054e+04,1.812816e+04,4.588985e+04,-9.560156e+03,2.270904e+04,-5.664944e+03,2.029835e+04
4.294808e+04,5.699546e+04,3.416798e+04,2.151365e+04,3.444479e+04,6.820933e+04,1.059011e+04,2.327370e+04,1.930249e+04,6.754129e+03,-6.261109e+03,2.853048e+04,1.578528e+04,1.878136e+04,2.527440e+04,1.600130e+04,1.630322e+04,3.264726e+04,1.662277e+04,7.978080e+03,2.031538e+04,1.453633e+04,1.202859e+04,2.117723e+04,2.314836e+04,1.009339e+04,3.745105e+04,1.895644e+04,1.811858e+04,4.588240e+04,-9.514471e+03,2.272537e+04,-5.656602e+03,2.028510e+04
4.293944e+04,5.698577e+04,3.415898e+04,2.150744e+04,3.445595e+04,6.818831e+04,1.060448e+04,2.326248e+04,1.930258e+04,6.774684e+03,-6.236891e+03,2.857357e+04,1.577593e+04,1.881633e+04,2.526283e+04,1.596555e+04,1.630211e+04,3.268279e+04,1.666103e+04,8.054806e+03,2.037286e+04,1.456413e+04,1.203499e+04,2.118627e+04,2.313906e+04,1.009518e+04,3.744595e+04,1.894269e+04,1.810123e+04,4.587497e+04,-9.487869e+03,2.274137e+04,-5.644482e+03,2.031548e+04
4.293722e+04,5.698468e+04,3.414912e+04,2.149993e+04,3.442791e+04,6.816601e+04,1.059444e+04,2.327841e+04,1.929577e+04,6.783217e+03,-6.238370e+03,2.857922e+04,1.577561e+04,1.880183e+04,2.525994e+04,1.594481e+04,1.629096e+04,3.266444e+04,1.668909e+04,8.093725e+03,2.040884e+04,1.457205e+04,1.205762e+04,2.115904e+04,2.315734e+04,1.011405e+04,3.744932e+04,1.894579e+04,1.809891e+04,4.586970e+04,-9.503223e+03,2.275179e+04,-5.628901e+03,2.032241e+04
4.291309e+04,5.697700e+04,3.413876e+04,2.148437e+04,3.441178e+04,6.813333e+04,1.057035e+04,2.326384e+04,1.927861e+04,6.795282e+03,-6.256562e+03,2.858382e+04,1.579455e+04,1.876101e+04,2.524687e+04,1.594706e+04,1.625388e+04,3.264824e+04,1.668634e+04,8.096929e+03,2.041582e+04,1.456301e+04,1.204610e+04,2.111905e+04,2.315016e+04,1.009709e+04,3.743967e+04,1.893079e+04,1.808676e+04,4.585588e+04,-9.532281e+03,2.274980e+04,-5.630588e+03,2.030560e+04
4.290568e+04,5.695584e+04,3.412791e+04,2.147499e+04,3.442739e+04,6.811238e+04,1.057449e+04,2.325907e+04,1.928849e+04,6.806507e+03,-6.262994e+03,2.859050e+04,1.578748e+04,1.875435e+04,2.523233e+04,1.595443e+04,1.623825e+04,3.263970e+04,1.668128e+04,8.110165e+03,2.042923e+04,1.456273e+04,1.205491e+04,2.111753e+04,2.312448e+04,1.008266e+04,3.743393e+04,1.891854e+04,1.807618e+04,4.585021e+04,-9.537807e+03,2.277756e+04,-5.658618e+03,2.035926e+04
4.290499e+04,5.695003e+04,3.412790e+04,2.147615e+04,3.440894e+04,6.810749e+04,1.058645e+04,2.328697e+04,1.929544e+04,6.824594e+03,-6.262835e+03,2.857942e+04,1.578580e+04,1.877075e+04,2.523066e+04,1.595950e+04,1.625313e+04,3.261205e+04,1.668085e+04,8.121123e+03,2.044923e+04,1.460573e+04,1.206546e+04,2.113779e+04,2.313775e+04,1.010802e+04,3.744186e+04,1.891763e+04,1.807735e+04,4.585049e+04,-9.541155e+03,2.277256e+04,-5.655903e+03,2.034849e+04
4.290137e+04,5.695352e+04,3.412735e+04,2.147083e+04,3.439205e+04,6.809230e+04,1.056926e+04,2.330348e+04,1.930291e+04,6.819750e+03,-6.264174e+03,2.857227e+04,1.578292e+04,1.878019e+04,2.522492e+04,1.595689e+04,1.627455e+04,3.260685e+04,1.667603e+04,8.124074e+03,2.047893e+04,1.462554e+04,1.206996e+04,2.117525e+04,2.316042e+04,1.010635e+04,3.743089e+04,1.890477e+04,1.806762e+04,4.584620e+04,-9.556902e+03,2.274594e+04,-5.647446e+03,2.031702e+04
4.290561e+04,5.695447e+04,3.412159e+04,2.146178e+04,3.439774e+04,6.807575e+04,1.056143e+04,2.329722e+04,1.930956e+04,6.806045e+03,-6.272583e+03,2.857438e+04,1.577764e+04,1.877854e+04,2.522648e+04,1.595929e+04,1.629819e+04,3.260292e+04,1.666806e+04,8.116184e+03,2.046456e+04,1.463722e+04,1.209554e+04,2.121382e+04,2.316112e+04,1.009521e+04,3.742677e+04,1.890739e+04,1.806369e+04,4.584265e+04,-9.565752e+03,2.275319e+04,-5.667971e+03,2.033837e+04
4.291407e+04,5.695469e+04,3.412125e+04,2.145937e+04,3.441692e+04,6.809355e+04,1.057671e+04,2.328162e+04,1.928362e+04,6.785481e+03,-6.289613e+03,2.855848e+04,1.580531e+04,1.877116e+04,2.523207e+04,1.596681e+04,1.629274e+04,3.263539e+04,1.666056e+04,8.094838e+03,2.045016e+04,1.466854e+04,1.209610e+04,2.124981e+04,2.314840e+04,1.008173e+04,3.742528e+04,1.890271e+04,1.805780e+04,4.583936e+04,-9.556935e+03,2.274541e+04,-5.671618e+03,2.030347e+04
4.291538e+04,5.694490e+04,3.412393e+04,2.145898e+04,3.443553e+04,6.814008e+04,1.058144e+04,2.327235e+04,1.925711e+04,6.714551e+03,-6.317951e+03,2.853231e+04,1.582902e+04,1.876884e+04,2.523761e+04,1.597853e+04,1.627804e+04,3.265720e+04,1.664715e+04,8.067613e+03,2.045857e+04,1.466875e+04,1.209289e+04,2.126684e+04,2.315846e+04,1.007696e+04,3.741988e+04,1.889363e+04,1.804997e+04,4.583753e+04,-9.562528e+03,2.276259e+04,-5.686065e+03,2.028338e+04
4.290258e+04,5.693638e+04,3.411946e+04,2.145479e+04,3.443102e+04,6.817204e+04,1.057538e+04,2.324982e+04,1.920531e+04,6.653350e+03,-6.364263e+03,2.851060e+04,1.581385e+04,1.877643e+04,2.523804e+04,1.597952e+04,1.628908e+04,3.261212e+04,1.661828e+04,8.030352e+03,2.044721e+04,1.466036e+04,1.209692e+04,2.126463e+04,2.317040e+04,1.008695e+04,3.742613e+04,1.889918e+04,1.804743e+04,4.583056e+04,-9.569867e+03,2.276820e+04,-5.699227e+03,2.028363e+04
4.291594e+04,5.693999e+04,3.411838e+04,2.145459e+04,3.443956e+04,6.818286e+04,1.057206e+04,2.325253e+04,1.916279e+04,6.631339e+03,-6.402951e+03,2.848818e+04,1.578081e+04,1.878125e+04,2.523272e+04,1.598395e+04,1.630551e+04,3.261346e+04,1.659591e+04,8.004883e+03,2.043684e+04,1.465258e+04,1.209887e+04,2.126776e+04,2.315085e+04,1.008560e+04,3.742893e+04,1.889666e+04,1.803974e+04,4.582736e+04,-9.555515e+03,2.276547e+04,-5.680310e+03,2.030128e+04
4.291718e+04,5.694379e+04,3.412341e+04,2.145904e+04,3.445493e+04,6.817698e+04,1.056338e+04,2.327395e+04,1.917681e+04,6.618212e+03,-6.428109e+03,2.848164e+04,1.578241e+04,1.878836e+04,2.523544e+04,1.600619e+04,1.632262e+04,3.261954e+04,1.658384e+04,7.988346e+03,2.041433e+04,1.464098e+04,1.210243e+04,2.125568e+04,2.314120e+04,1.011351e+04,3.742877e+04,1.889490e+04,1.803682e+04,4.582896e+04,-9.538840e+03,2.278772e+04,-5.681914e+03,2.032456e+04
4.290803e+04,5.694187e+04,3.411971e+04,2.145763e+04,3.444835e+04,6.817923e+04,1.055337e+04,2.327024e+04,1.916995e+04,6.617327e+03,-6.451251e+03,2.847505e+04,1.579066e+04,1.878369e+04,2.521433e+04,1.599509e+04,1.632626e+04,3.261081e+04,1.655907e+04,7.944504e+03,2.039242e+04,1.463098e+04,1.209023e+04,2.123660e+04,2.314328e+04,1.012114e+04,3.742713e+04,1.889000e+04,1.802881e+04,4.582277e+04,-9.527699e+03,2.277226e+04,-5.692475e+03,2.029496e+04
4.293916e+04,5.694007e+04,3.412058e+04,2.145858e+04,3.443851e+04,6.819875e+04,1.055330e+04,2.325539e+04,1.915904e+04,6.621994e+03,-6.465713e+03,2.845896e+04,1.577013e+04,1.877236e+04,2.520277e+04,1.597623e+04,1.629010e+04,3.263724e+04,1.653515e+04,7.915238e+03,2.036754e+04,1.462043e+04,1.208517e+04,2.124725e+04,2.315009e+04,1.010251e+04,3.742527e+04,1.888573e+04,1.802261e+04,4.582185e+04,-9.546729e+03,2.277218e+04,-5.701435e+03,2.028277e+04
4.292980e+04,5.693122e+04,3.411543e+04,2.145761e+04,3.442745e+04,6.819932e+04,1.053347e+04,2.322929e+04,1.917172e+04,6.619233e+03,-6.484079e+03,2.842934e+04,1.575757e+04,1.875081e+04,2.521761e+04,1.598769e+04,1.625671e+04,3.263044e+04,1.652064e+04,7.897457e+03,2.033113e+04,1.460431e+04,1.207469e+04,2.126695e+04,2.314635e+04,1.010493e+04,3.742166e+04,1.888514e+04,1.801970e+04,4.581953e+04,-9.555683e+03,2.277647e+04,-5.724051e+03,2.029798e+04
4.290224e+04,5.692589e+04,3.411148e+04,2.145772e+04,3.442564e+04,6.820256e+04,1.054172e+04,2.322577e+04,1.918402e+04,6.613784e+03,-6.490068e+03,2.840795e+04,1.575101e+04,1.874364e+04,2.523007e+04,1.598742e+04,1.626787e+04,3.261329e+04,1.650561e+04,7.873374e+03,2.031762e+04,1.458957e+04,1.205522e+04,2.126049e+04,2.313839e+04,1.009791e+04,3.741892e+04,1.888248e+04,1.801505e+04,4.581955e+04,-9.543256e+03,2.273616e+04,-5.751959e+03,2.030034e+04
4.293050e+04,5.694482e+04,3.413179e+04,2.147286e+04,3.442814e+04,6.821793e+04,1.059288e+04,2.326028e+04,1.920143e+04,6.611172e+03,-6.481044e+03,2.842131e+04,1.575259e+04,1.878729e+04,2.525082e+04,1.597315e+04,1.629859e+04,3.262571e+04,1.650185e+04,7.873641e+03,2.030807e+04,1.457887e+04,1.204576e+04,2.125287e+04,2.314545e+04,1.008999e+04,3.743107e+04,1.889822e+04,1.802684e+04,4.583492e+04,-9.543338e+03,2.270500e+04,-5.762505e+03,2.028914e+04
4.295311e+04,5.695613e+04,3.413562e+04,2.147937e+04,3.442085e+04,6.821148e+04,1.059326e+04,2.328064e+04,1.920791e+04,6.592310e+03,-6.491660e+03,2.840066e+04,1.576949e+04,1.880364e+04,2.524327e+04,1.595290e+04,1.629184e+04,3.263376e+04,1.649913e+04,7.860589e+03,2.027512e+04,1.454445e+04,1.201903e+04,2.124814e+04,2.312217e+04,1.009425e+04,3.743820e+04,1.891071e+04,1.803569e+04,4.584272e+04,-9.514862e+03,2.271861e+04,-5.737325e+03,2.028757e+04
4.294676e+04,5.694685e+04,3.412875e+04,2.148148e+04,3.442672e+04,6.820021e+04,1.058034e+04,2.327133e+04,1.923332e+04,6.566451e+03,-6.505184e+03,2.836349e+04,1.577654e+04,1.878134e+04,2.521733e+04,1.592997e+04,1.625344e+04,3.261567e+04,1.649004e+04,7.841716e+03,2.022845e+04,1.450717e+04,1.198750e+04,2.122204e+04,2.310098e+04,1.009111e+04,3.744296e+04,1.892613e+04,1.804667e+04,4.584920e+04,-9.501186e+03,2.273833e+04,-5.711038e+03,2.028020e+04
4.295145e+04,5.694948e+04,3.413848e+04,2.149419e+04,3.443136e+04,6.819905e+04,1.059049e+04,2.325601e+04,1.922193e+04,6.545937e+03,-6.502413e+03,2.835373e+04,1.577246e+04,1.876401e+04,2.521253e+04,1.594583e+04,1.623079e+04,3.260150e+04,1.649275e+04,7.830388e+03,2.018652e+04,1.447770e+04,1.195695e+04,2.121476e+04,2.312143e+04,1.009811e+04,3.745495e+04,1.894937e+04,1.806076e+04,4.586001e+04,-9.538468e+03,2.273766e+04,-5.716036e+03,2.027611e+04
4.296447e+04,5.696877e+04,3.415011e+04,2.150521e+04,3.442155e+04,6.819796e+04,1.059364e+04,2.325262e+04,1.919756e+04,6.537483e+03,-6.497136e+03,2.833874e+04,1.577150e+04,1.876544e+04,2.521480e+04,1.596970e+04,1.622063e+04,3.261200e+04,1.649729e+04,7.823165e+03,2.015269e+04,1.444604e+04,1.191426e+04,2.122863e+04,2.314179e+04,1.011580e+04,3.746655e+04,1.895865e+04,1.806149e+04,4.586263e+04,-9.531212e+03,2.277034e+04,-5.688189e+03,2.032275e+04
4.296158e+04,5.698494e+04,3.416102e+04,2.151700e+04,3.442310e+04,6.819821e+04,1.059132e+04,2.326192e+04,1.926268e+04,6.542187e+03,-6.502335e+03,2.834598e+04,1.578228e+04,1.879826e+04,2.521506e+04,1.594929e+04,1.623211e+04,3.261896e+04,1.649963e+04,7.836848e+03,2.012645e+04,1.441566e+04,1.187416e+04,2.123357e+04,2.315089e+04,1.011173e+04,3.747612e+04,1.897148e+04,1.807243e+04,4.586869e+04,-9.493524e+03,2.278213e+04,-5.652291e+03,2.034661e+04
4.296462e+04,5.699167e+04,3.416718e+04,2.152784e+04,3.444240e+04,6.820099e+04,1.058451e+04,2.326068e+04,1.928794e+04,6.533342e+03,-6.504571e+03,2.836141e+04,1.578330e+04,1.883429e+04,2.521199e+04,1.591931e+04,1.623959e+04,3.262672e+04,1.649845e+04,7.836975e+03,2.009541e+04,1.438836e+04,1.183782e+04,2.123145e+04,2.315223e+04,1.011496e+04,3.747422e+04,1.897752e+04,1.808504e+04,4.587555e+04,-9.521078e+03,2.275761e+04,-5.702588e+03,2.032653e+04
4.297330e+04,5.699907e+04,3.417291e+04,2.154064e+04,3.442799e+04,6.820029e+04,1.058216e+04,2.325365e+04,1.925080e+04,6.538180e+03,-6.483701e+03,2.837004e+04,1.578538e+04,1.884488e+04,2.521945e+04,1.590399e+04,1.624360e+04,3.263988e+04,1.650196e+04,7.831350e+03,2.006088e+04,1.437350e+04,1.181470e+04,2.122570e+04,2.316446e+04,1.013259e+04,3.748288e+04,1.898876e+04,1.809241e+04,4.587956e+04,-9.567645e+03,2.274434e+04,-5.756535e+03,2.030977e+04
4.295487e+04,5.699888e+04,3.417765e+04,2.155421e+04,3.441414e+04,6.819673e+04,1.057393e+04,2.325799e+04,1.923593e+04,6.549402e+03,-6.465524e+03,2.839191e+04,1.580382e+04,1.882692e+04,2.524136e+04,1.591642e+04,1.626938e+04,3.263023e+04,1.651454e+04,7.820615e+03,2.004826e+04,1.435929e+04,1.180628e+04,2.121573e+04,2.319217e+04,1.013347e+04,3.749157e+04,1.900036e+04,1.809965e+04,4.588510e+04,-9.577936e+03,2.269196e+04,-5.768871e+03,2.028517e+04
4.295025e+04,5.700355e+04,3.417279e+04,2.155659e+04,3.442437e+04,6.819576e+04,1.055923e+04,2.324220e+04,1.924810e+04,6.536002e+03,-6.463295e+03,2.838385e+04,1.577059e+04,1.881486e+04,2.524862e+04,1.594766e+04,1.628289e+04,3.261811e+04,1.651729e+04,7.813533e+03,2.003072e+04,1.434032e+04,1.179407e+04,2.118521e+04,2.319029e+04,1.011422e+04,3.749068e+04,1.900240e+04,1.810509e+04,4.588867e+04,-9.569361e+03,2.267946e+04,-5.745355e+03,2.028088e+04
4.297139e+04,5.700968e+04,3.416102e+04,2.155031e+04,3.439095e+04,6.818909e+04,1.054324e+04,2.321997e+04,1.927055e+04,6.523817e+03,-6.456461e+03,2.837558e+04,1.573372e+04,1.881915e+04,2.523433e+04,1.595884e+04,1.629159e+04,3.261855e+04,1.652489e+04,7.830897e+03,2.004047e+04,1.432588e+04,1.177712e+04,2.113818e+04,2.315957e+04,1.009556e+04,3.749562e+04,1.900546e+04,1.810138e+04,4.588446e+04,-9.550825e+03,2.272978e+04,-5.690529e+03,2.030086e+04
4.296174e+04,5.699337e+04,3.415147e+04,2.154051e+04,3.438920e+04,6.817932e+04,1.053669e+04,2.324121e+04,1.925875e+04,6.515963e+03,-6.446841e+03,2.839641e+04,1.574676e+04,1.882680e+04,2.523545e+04,1.596142e+04,1.628055e+04,3.261308e+04,1.652933e+04,7.837924e+03,2.008070e+04,1.431768e+04,1.176315e+04,2.109017e+04,2.315728e+04,1.009191e+04,3.749120e+04,1.899530e+04,1.808620e+04,4.587413e+04,-9.548952e+03,2.273921e+04,-5.675668e+03,2.031127e+04
4.294461e+04,5.698960e+04,3.415449e+04,2.153665e+04,3.442080e+04,6.817500e+04,1.052580e+04,2.327599e+04,1.924906e+04,6.516990e+03,-6.443568e+03,2.839951e+04,1.574341e+04,1.883372e+04,2.523965e+04,1.594971e+04,1.628624e+04,3.262037e+04,1.652446e+04,7.851293e+03,2.009374e+04,1.431370e+04,1.176589e+04,2.107061e+04,2.317135e+04,1.009871e+04,3.749044e+04,1.899815e+04,1.808782e+04,4.587343e+04,-9.552945e+03,2.273874e+04,-5.666054e+03,2.032285e+04
4.294152e+04,5.699596e+04,3.415994e+04,2.153781e+04,3.441139e+04,6.817141e+04,1.048305e+04,2.327878e+04,1.924383e+04,6.516038e+03,-6.432271e+03,2.839859e+04,1.574337e+04,1.883923e+04,2.522170e+04,1.593492e+04,1.631110e+04,3.263760e+04,1.653561e+04,7.865690e+03,2.014705e+04,1.432856e+04,1.178479e+04,2.106891e+04,2.316016e+04,1.012743e+04,3.749102e+04,1.899559e+04,1.808380e+04,4.587313e+04,-9.539498e+03,2.274975e+04,-5.662110e+03,2.031610e+04
4.293394e+04,5.699246e+04,3.415830e+04,2.153747e+04,3.438816e+04,6.817404e+04,1.043853e+04,2.325292e+04,1.922958e+04,6.499232e+03,-6.415836e+03,2.840288e+04,1.572961e+04,1.884505e+04,2.521003e+04,1.594920e+04,1.629841e+04,3.265524e+04,1.654691e+04,7.869957e+03,2.020246e+04,1.434950e+04,1.181248e+04,2.105662e+04,2.316018e+04,1.013856e+04,3.748943e+04,1.898167e+04,1.806888e+04,4.586588e+04,-9.541672e+03,2.274399e+04,-5.702963e+03,2.033937e+04
4.292881e+04,5.699183e+04,3.415895e+04,2.153702e+04,3.438629e+04,6.817616e+04,1.039429e+04,2.324018e+04,1.922037e+04,6.477755e+03,-6.418077e+03,2.838904e+04,1.570701e+04,1.884030e+04,2.521008e+04,1.594603e+04,1.629248e+04,3.264481e+04,1.654216e+04,7.874145e+03,2.021741e+04,1.435414e+04,1.183615e+04,2.105646e+04,2.316646e+04,1.010736e+04,3.748420e+04,1.897407e+04,1.806622e+04,4.586386e+04,-9.546737e+03,2.272671e+04,-5.742268e+03,2.038127e+04
4.293168e+04,5.699776e+04,3.416998e+04,2.154082e+04,3.441864e+04,6.817779e+04,1.037063e+04,2.325346e+04,1.920101e+04,6.458585e+03,-6.428378e+03,2.838044e+04,1.570866e+04,1.884650e+04,2.522035e+04,1.594014e+04,1.628565e+04,3.259857e+04,1.654459e+04,7.865819e+03,2.024631e+04,1.436434e+04,1.184868e+04,2.106356e+04,2.314929e+04,1.007731e+04,3.746973e+04,1.895870e+04,1.806336e+04,4.586476e+04,-9.540921e+03,2.271955e+04,-5.742473e+03,2.035475e+04
4.296597e+04,5.702257e+04,3.418767e+04,2.155710e+04,3.441449e+04,6.818518e+04,1.038364e+04,2.325462e+04,1.918635e+04,6.452036e+03,-6.430104e+03,2.839620e+04,1.569323e+04,1.885565e+04,2.521831e+04,1.596211e+04,1.628579e+04,3.258209e+04,1.655278e+04,7.873025e+03,2.026505e+04,1.436824e+04,1.187587e+04,2.107543e+04,2.315108e+04,1.007691e+04,3.747390e+04,1.895892e+04,1.806301e+04,4.586958e+04,-9.536226e+03,2.271977e+04,-5.699701e+03,2.034207e+04
4.299411e+04,5.703968e+04,3.419902e+04,2.157151e+04,3.438216e+04,6.817974e+04,1.038502e+04,2.322322e+04,1.916492e+04,6.440932e+03,-6.426853e+03,2.840180e+04,1.569142e+04,1.883540e+04,2.519368e+04,1.596190e+04,1.629529e+04,3.259190e+04,1.655113e+04,7.872478e+03,2.026344e+04,1.436223e+04,1.189880e+04,2.108466e+04,2.317616e+04,1.009452e+04,3.748115e+04,1.895684e+04,1.805635e+04,4.587401e+04,-9.544856e+03,2.271641e+04,-5.676604e+03,2.035145e+04
4.298986e+04,5.703782e+04,3.420372e+04,2.157478e+04,3.440135e+04,6.816920e+04,1.037803e+04,2.318833e+04,1.913530e+04,6.416069e+03,-6.433467e+03,2.839213e+04,1.569421e+04,1.882562e+04,2.517534e+04,1.595838e+04,1.629339e+04,3.260862e+04,1.654686e+04,7.851136e+03,2.023835e+04,1.435605e+04,1.189747e+04,2.108445e+04,2.318624e+04,1.010428e+04,3.747763e+04,1.895393e+04,1.805652e+04,4.587420e+04,-9.551479e+03,2.275125e+04,-5.666463e+03,2.032857e+04
4.299678e+04,5.704327e+04,3.421388e+04,2.158218e+04,3.443400e+04,6.816496e+04,1.038074e+04,2.318390e+04,1.910502e+04,6.396994e+03,-6.443537e+03,2.838842e+04,1.569046e+04,1.884163e+04,2.516698e+04,1.597881e+04,1.628967e+04,3.260929e+04,1.654459e+04,7.836886e+03,2.021202e+04,1.434817e+04,1.189633e+04,2.108780e+04,2.318894e+04,1.011070e+04,3.747942e+04,1.896812e+04,1.807032e+04,4.587812e+04,-9.532601e+03,2.276628e+04,-5.682012e+03,2.028782e+04
4.300377e+04,5.705022e+04,3.422473e+04,2.159189e+04,3.444791e+04,6.816218e+04,1.038693e+04,2.316139e+04,1.907051e+04,6.381151e+03,-6.448156e+03,2.838135e+04,1.569770e+04,1.883746e+04,2.518498e+04,1.597879e+04,1.626936e+04,3.261100e+04,1.654700e+04,7.827773e+03,2.019863e+04,1.435121e+04,1.188968e+04,2.108845e+04,2.319338e+04,1.010460e+04,3.748319e+04,1.897184e+04,1.807404e+04,4.588372e+04,-9.557809e+03,2.273079e+04,-5.720968e+03,2.027247e+04
4.300828e+04,5.706044e+04,3.423322e+04,2.159971e+04,3.446950e+04,6.816718e+04,1.037685e+04,2.311806e+04,1.905115e+04,6.360943e+03,-6.463356e+03,2.837021e+04,1.568550e+04,1.880974e+04,2.519541e+04,1.596723e+04,1.626282e+04,3.264047e+04,1.654004e+04,7.818220e+03,2.017788e+04,1.434794e+04,1.187907e+04,2.108513e+04,2.317884e+04,1.009055e+04,3.748532e+04,1.896779e+04,1.806808e+04,4.588302e+04,-9.591179e+03,2.273565e+04,-5.721998e+03,2.032434e+04
4.301281e+04,5.706514e+04,3.424069e+04,2.160583e+04,3.446840e+04,6.817176e+04,1.036272e+04,2.311219e+04,1.903863e+04,6.330813e+03,-6.482564e+03,2.835894e+04,1.567082e+04,1.880919e+04,2.516976e+04,1.596320e+04,1.627411e+04,3.264590e+04,1.652003e+04,7.789918e+03,2.015416e+04,1.434569e+04,1.187290e+04,2.106026e+04,2.315893e+04,1.008596e+04,3.748724e+04,1.896875e+04,1.806601e+04,4.588434e+04,-9.576633e+03,2.273966e+04,-5.767049e+03,2.036891e+04
4.300804e+04,5.705446e+04,3.423718e+04,2.160355e+04,3.444880e+04,6.817101e+04,1.035680e+04,2.311461e+04,1.902490e+04,6.293146e+03,-6.496338e+03,2.834799e+04,1.566190e+04,1.882312e+04,2.514868e+04,1.594275e+04,1.627454e+04,3.263701e+04,1.650264e+04,7.771490e+03,2.012265e+04,1.434161e+04,1.185088e+04,2.101253e+04,2.313483e+04,1.008109e+04,3.749010e+04,1.897540e+04,1.807403e+04,4.588746e+04,-9.576128e+03,2.273181e+04,-5.794244e+03,2.034793e+04
4.300403e+04,5.704448e+04,3.423468e+04,2.160453e+04,3.447229e+04,6.817632e+04,1.034520e+04,2.311259e+04,1.902642e+04,6.276660e+03,-6.505634e+03,2.834286e+04,1.563932e+04,1.880805e+04,2.513133e+04,1.594134e+04,1.625857e+04,3.263170e+04,1.649365e+04,7.766861e+03,2.009984e+04,1.432675e+04,1.182791e+04,2.097104e+04,2.310281e+04,1.007877e+04,3.749372e+04,1.897838e+04,1.807657e+04,4.588578e+04,-9.574927e+03,2.275191e+04,-5.728220e+03,2.031189e+04
4.299932e+04,5.704900e+04,3.424212e+04,2.161219e+04,3.448004e+04,6.818897e+04,1.034371e+04,2.311601e+04,1.903383e+04,6.271960e+03,-6.519793e+03,2.834265e+04,1.561699e+04,1.880149e+04,2.511232e+04,1.595973e+04,1.624827e+04,3.263254e+04,1.648874e+04,7.748799e+03,2.008718e+04,1.431809e+04,1.181800e+04,2.094847e+04,2.308906e+04,1.006802e+04,3.749753e+04,1.897916e+04,1.807867e+04,4.589117e+04,-9.550826e+03,2.274635e+04,-5.670095e+03,2.031489e+04
4.300480e+04,5.706373e+04,3.424791e+04,2.161487e+04,3.446190e+04,6.820971e+04,1.033527e+04,2.310174e+04,1.904846e+04,6.260608e+03,-6.535654e+03,2.832750e+04,1.561422e+04,1.878346e+04,2.508756e+04,1.595441e+04,1.626119e+04,3.263728e+04,1.647789e+04,7.731862e+03,2.007204e+04,1.430516e+04,1.179997e+04,2.094907e+04,2.307639e+04,1.006898e+04,3.749878e+04,1.898289e+04,1.808286e+04,4.589714e+04,-9.524310e+03,2.274432e+04,-5.641892e+03,2.030721e+04
4.301299e+04,5.706585e+04,3.425218e+04,2.161757e+04,3.446516e+04,6.822278e+04,1.033168e+04,2.309073e+04,1.908249e+04,6.252564e+03,-6.537292e+03,2.831423e+04,1.561978e+04,1.875250e+04,2.505987e+04,1.594430e+04,1.627982e+04,3.264455e+04,1.646638e+04,7.715078e+03,2.005952e+04,1.430187e+04,1.179183e+04,2.096959e+04,2.305647e+04,1.009954e+04,3.749812e+04,1.898366e+04,1.808176e+04,4.590027e+04,-9.526916e+03,2.276539e+04,-5.639448e+03,2.029250e+04
4.301052e+04,5.706446e+04,3.425538e+04,2.162001e+04,3.445776e+04,6.821445e+04,1.034766e+04,2.310397e+04,1.908850e+04,6.240218e+03,-6.544864e+03,2.832250e+04,1.562510e+04,1.875629e+04,2.504476e+04,1.594142e+04,1.630147e+04,3.264953e+04,1.645515e+04,7.700028e+03,2.005051e+04,1.430044e+04,1.180267e+04,2.100228e+04,2.305527e+04,1.010193e+04,3.749845e+04,1.898744e+04,1.808464e+04,4.590118e+04,-9.520143e+03,2.276956e+04,-5.650266e+03,2.031809e+04
4.302193e+04,5.707111e+04,3.425671e+04,2.161991e+04,3.446182e+04,6.819987e+04,1.036764e+04,2.309678e+04,1.907093e+04,6.236607e+03,-6.559106e+03,2.830694e+04,1.562323e+04,1.874695e+04,2.504645e+04,1.594804e+04,1.630821e+04,3.265121e+04,1.644385e+04,7.688067e+03,2.004030e+04,1.429546e+04,1.181509e+04,2.102727e+04,2.307825e+04,1.007060e+04,3.750600e+04,1.900755e+04,1.810226e+04,4.590373e+04,-9.480603e+03,2.277201e+04,-5.640225e+03,2.031542e+04
4.303330e+04,5.707198e+04,3.425979e+04,2.162038e+04,3.445049e+04,6.817663e+04,1.039341e+04,2.307634e+04,1.907577e+04,6.247277e+03,-6.570667e+03,2.828118e+04,1.560226e+04,1.873960e+04,2.508111e+04,1.596053e+04,1.628684e+04,3.267630e+04,1.643668e+04,7.672866e+03,2.002013e+04,1.430451e+04,1.182297e+04,2.102949e+04,2.311335e+04,1.005624e+04,3.751381e+04,1.903118e+04,1.812114e+04,4.591161e+04,-9.524414e+03,2.277960e+04,-5.669851e+03,2.031223e+04
4.302065e+04,5.707509e+04,3.426257e+04,2.161847e+04,3.440221e+04,6.815449e+04,1.041813e+04,2.308152e+04,1.907019e+04,6.256594e+03,-6.579050e+03,2.827317e+04,1.560176e+04,1.874544e+04,2.512955e+04,1.595260e+04,1.626546e+04,3.267081e+04,1.642724e+04,7.665634e+03,2.000639e+04,1.431039e+04,1.182648e+04,2.103132e+04,2.314686e+04,1.007546e+04,3.751170e+04,1.903316e+04,1.811809e+04,4.591128e+04,-9.583637e+03,2.277987e+04,-5.755744e+03,2.033578e+04
4.302192e+04,5.707209e+04,3.425747e+04,2.161378e+04,3.440125e+04,6.814389e+04,1.044708e+04,2.308667e+04,1.905471e+04,6.261077e+03,-6.575549e+03,2.825342e+04,1.562651e+04,1.874966e+04,2.517373e+04,1.591737e+04,1.627299e+04,3.265515e+04,1.642570e+04,7.663633e+03,2.000082e+04,1.431908e+04,1.183832e+04,2.104119e+04,2.316083e+04,1.010706e+04,3.751393e+04,1.902999e+04,1.811230e+04,4.590913e+04,-9.568090e+03,2.275343e+04,-5.761133e+03,2.035110e+04
4.302099e+04,5.706341e+04,3.425568e+04,2.161052e+04,3.442002e+04,6.814292e+04,1.046433e+04,2.309647e+04,1.905513e+04,6.269785e+03,-6.584585e+03,2.824264e+04,1.563504e+04,1.878200e+04,2.518983e+04,1.587656e+04,1.628741e+04,3.266637e+04,1.642687e+04,7.651531e+03,2.000906e+04,1.433279e+04,1.185079e+04,2.102662e+04,2.315733e+04,1.011907e+04,3.750695e+04,1.901471e+04,1.810201e+04,4.590457e+04,-9.557178e+03,2.273964e+04,-5.697025e+03,2.035345e+04
4.301573e+04,5.706682e+04,3.425697e+04,2.160564e+04,3.440451e+04,6.815600e+04,1.047466e+04,2.310582e+04,1.905761e+04,6.298063e+03,-6.600812e+03,2.825710e+04,1.563403e+04,1.880848e+04,2.517992e+04,1.584466e+04,1.628327e+04,3.264275e+04,1.641877e+04,7.643830e+03,2.002324e+04,1.434786e+04,1.183865e+04,2.098948e+04,2.316689e+04,1.011155e+04,3.749030e+04,1.899338e+04,1.808636e+04,4.589739e+04,-9.535891e+03,2.278059e+04,-5.677748e+03,2.032441e+04
4.303013e+04,5.706303e+04,3.424980e+04,2.159802e+04,3.438959e+04,6.816970e+04,1.047992e+04,2.310466e+04,1.906565e+04,6.329362e+03,-6.597263e+03,2.826958e+04,1.563897e+04,1.881785e+04,2.518994e+04,1.582168e+04,1.628244e+04,3.261610e+04,1.642127e+04,7.654200e+03,2.001948e+04,1.436336e+04,1.181828e+04,2.095344e+04,2.317095e+04,1.009356e+04,3.749426e+04,1.900053e+04,1.808656e+04,4.589668e+04,-9.521481e+03,2.280392e+04,-5.663474e+03,2.031358e+04
4.301363e+04,5.705845e+04,3.425478e+04,2.159894e+04,3.441107e+04,6.818312e+04,1.047886e+04,2.311554e+04,1.906298e+04,6.346136e+03,-6.586760e+03,2.828841e+04,1.563227e+04,1.881886e+04,2.519900e+04,1.579907e+04,1.626873e+04,3.262055e+04,1.643294e+04,7.659112e+03,2.001977e+04,1.437875e+04,1.182388e+04,2.090854e+04,2.314653e+04,1.007904e+04,3.750538e+04,1.901567e+04,1.809749e+04,4.590117e+04,-9.524687e+03,2.278284e+04,-5.650982e+03,2.031723e+04
4.300980e+04,5.706562e+04,3.426312e+04,2.160092e+04,3.442940e+04,6.818797e+04,1.049642e+04,2.311988e+04,1.905210e+04,6.338941e+03,-6.587173e+03,2.827308e+04,1.562842e+04,1.880088e+04,2.520461e+04,1.577590e+04,1.624062e+04,3.263192e+04,1.645237e+04,7.656153e+03,2.001321e+04,1.440128e+04,1.183224e+04,2.087135e+04,2.313902e+04,1.007982e+04,3.751215e+04,1.903289e+04,1.810961e+04,4.590565e+04,-9.520037e+03,2.277917e+04,-5.680590e+03,2.030396e+04
4.303416e+04,5.707136e+04,3.426180e+04,2.159790e+04,3.440908e+04,6.818328e+04,1.051759e+04,2.311806e+04,1.902964e+04,6.322842e+03,-6.588287e+03,2.822437e+04,1.565770e+04,1.878272e+04,2.518097e+04,1.579035e+04,1.622190e+04,3.265247e+04,1.644949e+04,7.648794e+03,2.000331e+04,1.441589e+04,1.183248e+04,2.088397e+04,2.315540e+04,1.007865e+04,3.751548e+04,1.904227e+04,1.811218e+04,4.590606e+04,-9.530936e+03,2.279490e+04,-5.725882e+03,2.032196e+04
4.303736e+04,5.707637e+04,3.426429e+04,2.159734e+04,3.442458e+04,6.817689e+04,1.053560e+04,2.311010e+04,1.899572e+04,6.335332e+03,-6.583929e+03,2.822838e+04,1.565289e+04,1.877657e+04,2.512697e+04,1.582867e+04,1.622113e+04,3.266117e+04,1.640922e+04,7.640953e+03,2.000099e+04,1.443228e+04,1.184389e+04,2.092008e+04,2.315925e+04,1.007279e+04,3.751520e+04,1.904689e+04,1.811908e+04,4.590892e+04,-9.550483e+03,2.276271e+04,-5.768685e+03,2.034806e+04
4.304484e+04,5.707750e+04,3.426249e+04,2.159587e+04,3.443289e+04,6.817156e+04,1.055623e+04,2.309855e+04,1.902512e+04,6.365166e+03,-6.584122e+03,2.823207e+04,1.562968e+04,1.878441e+04,2.512525e+04,1.582929e+04,1.624741e+04,3.265896e+04,1.641511e+04,7.654112e+03,2.000514e+04,1.445226e+04,1.185742e+04,2.093816e+04,2.314424e+04,1.009210e+04,3.751369e+04,1.905750e+04,1.812908e+04,4.591367e+04,-9.581126e+03,2.273087e+04,-5.754384e+03,2.033583e+04
4.303756e+04,5.707164e+04,3.425710e+04,2.159522e+04,3.441019e+04,6.817240e+04,1.056619e+04,2.309431e+04,1.904640e+04,6.385414e+03,-6.565632e+03,2.820897e+04,1.565747e+04,1.880267e+04,2.514675e+04,1.577509e+04,1.625164e+04,3.265347e+04,1.644543e+04,7.656354e+03,2.002218e+04,1.445274e+04,1.186881e+04,2.094464e+04,2.313396e+04,1.012282e+04,3.751182e+04,1.905540e+04,1.812880e+04,4.591577e+04,-9.569552e+03,2.273365e+04,-5.714593e+03,2.032281e+04
4.300888e+04,5.705871e+04,3.425574e+04,2.159274e+04,3.441689e+04,6.816635e+04,1.056305e+04,2.309657e+04,1.902989e+04,6.393066e+03,-6.548335e+03,2.819209e+04,1.568762e+04,1.881530e+04,2.517548e+04,1.575243e+04,1.622756e+04,3.263259e+04,1.644181e+04,7.628180e+03,2.002168e+04,1.445110e+04,1.186331e+04,2.095712e+04,2.313783e+04,1.011016e+04,3.751272e+04,1.905512e+04,1.812972e+04,4.591045e+04,-9.539685e+03,2.275002e+04,-5.683315e+03,2.033256e+04
4.300212e+04,5.705141e+04,3.425619e+04,2.158921e+04,3.441744e+04,6.816654e+04,1.056517e+04,2.311146e+04,1.906091e+04,6.417450e+03,-6.556223e+03,2.818040e+04,1.570788e+04,1.880479e+04,2.521606e+04,1.583575e+04,1.622090e+04,3.262802e+04,1.644836e+04,7.611963e+03,2.003302e+04,1.446295e+04,1.185520e+04,2.099650e+04,2.313986e+04,1.009525e+04,3.750957e+04,1.905069e+04,1.812085e+04,4.590232e+04,-9.525862e+03,2.280069e+04,-5.632032e+03,2.031185e+04
4.302180e+04,5.705227e+04,3.425499e+04,2.158556e+04,3.442232e+04,6.815904e+04,1.055263e+04,2.310508e+04,1.910121e+04,6.479426e+03,-6.551088e+03,2.822335e+04,1.570691e+04,1.878475e+04,2.522612e+04,1.591540e+04,1.622362e+04,3.261582e+04,1.645647e+04,7.632545e+03,2.005803e+04,1.447205e+04,1.186522e+04,2.102848e+04,2.315114e+04,1.010338e+04,3.751260e+04,1.904530e+04,1.810813e+04,4.589771e+04,-9.486318e+03,2.278397e+04,-5.624451e+03,2.026837e+04
4.303867e+04,5.705469e+04,3.425450e+04,2.158112e+04,3.438568e+04,6.813234e+04,1.052091e+04,2.310398e+04,1.916462e+04,6.530291e+03,-6.529140e+03,2.827394e+04,1.568873e+04,1.877016e+04,2.523435e+04,1.596350e+04,1.624135e+04,3.260183e+04,1.645113e+04,7.674580e+03,2.008407e+04,1.448385e+04,1.187336e+04,2.103819e+04,2.315059e+04,1.009918e+04,3.751353e+04,1.903665e+04,1.810073e+04,4.589279e+04,-9.477577e+03,2.275637e+04,-5.631197e+03,2.027014e+04
4.305846e+04,5.707081e+04,3.426477e+04,2.158450e+04,3.431282e+04,6.811927e+04,1.050297e+04,2.312932e+04,1.921075e+04,6.556605e+03,-6.501438e+03,2.826533e+04,1.569500e+04,1.875494e+04,2.524623e+04,1.600722e+04,1.626063e+04,3.261925e+04,1.646175e+04,7.697264e+03,2.013342e+04,1.450418e+04,1.189720e+04,2.106140e+04,2.312593e+04,1.011452e+04,3.750768e+04,1.901753e+04,1.809216e+04,4.589484e+04,-9.499948e+03,2.275967e+04,-5.646770e+03,2.029898e+04
4.307982e+04,5.708484e+04,3.427156e+04,2.158557e+04,3.428106e+04,6.809662e+04,1.047300e+04,2.311991e+04,1.919704e+04,6.591564e+03,-6.485226e+03,2.826871e+04,1.569363e+04,1.874013e+04,2.523523e+04,1.598258e+04,1.624711e+04,3.261968e+04,1.646880e+04,7.689000e+03,2.014659e+04,1.450058e+04,1.191312e+04,2.106382e+04,2.309793e+04,1.011428e+04,3.751359e+04,1.901322e+04,1.808804e+04,4.589524e+04,-9.537484e+03,2.272355e+04,-5.692812e+03,2.031619e+04
4.307773e+04,5.709171e+04,3.426859e+04,2.158731e+04,3.426111e+04,6.807169e+04,1.044248e+04,2.309987e+04,1.919255e+04,6.616610e+03,-6.460018e+03,2.831796e+04,1.568745e+04,1.871900e+04,2.522251e+04,1.594417e+04,1.622443e+04,3.260533e+04,1.646320e+04,7.700840e+03,2.013661e+04,1.449773e+04,1.190712e+04,2.104499e+04,2.306539e+04,1.008468e+04,3.752221e+04,1.901928e+04,1.809169e+04,4.589646e+04,-9.562521e+03,2.273239e+04,-5.712198e+03,2.034925e+04
4.308212e+04,5.710466e+04,3.427936e+04,2.159972e+04,3.426748e+04,6.807746e+04,1.043150e+04,2.309023e+04,1.919319e+04,6.643916e+03,-6.410067e+03,2.836343e+04,1.572385e+04,1.870335e+04,2.521218e+04,1.594704e+04,1.621753e+04,3.259461e+04,1.648425e+04,7.755830e+03,2.017034e+04,1.452202e+04,1.193994e+04,2.103694e+04,2.306840e+04,1.008454e+04,3.752944e+04,1.902762e+04,1.810028e+04,4.591100e+04,-9.557201e+03,2.273930e+04,-5.737419e+03,2.039223e+04
4.310306e+04,5.711836e+04,3.429293e+04,2.160866e+04,3.427949e+04,6.808752e+04,1.040749e+04,2.306247e+04,1.919702e+04,6.692437e+03,-6.400351e+03,2.840649e+04,1.575256e+04,1.869586e+04,2.519491e+04,1.596564e+04,1.623160e+04,3.259252e+04,1.650894e+04,7.792044e+03,2.020421e+04,1.453161e+04,1.197327e+04,2.102290e+04,2.309090e+04,1.008100e+04,3.752698e+04,1.901223e+04,1.808957e+04,4.591589e+04,-9.582695e+03,2.273513e+04,-5.744937e+03,2.038980e+04
4.311904e+04,5.711923e+04,3.428494e+04,2.160454e+04,3.430143e+04,6.809629e+04,1.037457e+04,2.302576e+04,1.919570e+04,6.724050e+03,-6.411481e+03,2.843241e+04,1.574404e+04,1.867214e+04,2.518151e+04,1.596492e+04,1.622089e+04,3.260226e+04,1.651694e+04,7.821421e+03,2.021324e+04,1.453313e+04,1.196301e+04,2.101362e+04,2.310396e+04,1.006028e+04,3.751844e+04,1.899570e+04,1.807726e+04,4.591337e+04,-9.570840e+03,2.275036e+04,-5.713058e+03,2.036380e+04
4.312193e+04,5.712192e+04,3.427651e+04,2.160598e+04,3.437947e+04,6.811394e+04,1.033662e+04,2.299032e+04,1.920840e+04,6.756338e+03,-6.390803e+03,2.844021e+04,1.575578e+04,1.864490e+04,2.517763e+04,1.593599e+04,1.618457e+04,3.261559e+04,1.654779e+04,7.893398e+03,2.027937e+04,1.454849e+04,1.197718e+04,2.101690e+04,2.312322e+04,1.007590e+04,3.752370e+04,1.900872e+04,1.808836e+04,4.592104e+04,-9.534054e+03,2.276623e+04,-5.690944e+03,2.030543e+04
4.312649e+04,5.714787e+04,3.428470e+04,2.162684e+04,3.445480e+04,6.813598e+04,1.030980e+04,2.298358e+04,1.926492e+04,6.800588e+03,-6.348328e+03,2.848689e+04,1.576648e+04,1.864064e+04,2.518557e+04,1.593131e+04,1.619461e+04,3.263380e+04,1.658388e+04,7.969449e+03,2.036495e+04,1.458207e+04,1.201720e+04,2.103788e+04,2.313415e+04,1.011034e+04,3.753500e+04,1.902652e+04,1.810516e+04,4.593452e+04,-9.521999e+03,2.279515e+04,-5.662289e+03,2.024228e+04
4.311785e+04,5.715088e+04,3.428109e+04,2.163429e+04,3.453331e+04,6.816713e+04,1.030768e+04,2.298632e+04,1.930487e+04,6.825937e+03,-6.311063e+03,2.853872e+04,1.577149e+04,1.864565e+04,2.518562e+04,1.594156e+04,1.621140e+04,3.264354e+04,1.661320e+04,8.042545e+03,2.039160e+04,1.460243e+04,1.203433e+04,2.106923e+04,2.313085e+04,1.010122e+04,3.754278e+04,1.904771e+04,1.811870e+04,4.594125e+04,-9.507867e+03,2.279735e+04,-5.648394e+03,2.028906e+04
4.307646e+04,5.712830e+04,3.425538e+04,2.162114e+04,3.458231e+04,6.818729e+04,1.034277e+04,2.296196e+04,1.930574e+04,6.845978e+03,-6.315203e+03,2.855541e+04,1.577676e+04,1.865486e+04,2.518170e+04,1.594805e+04,1.620920e+04,3.263221e+04,1.663208e+04,8.091102e+03,2.044939e+04,1.459031e+04,1.205077e+04,2.106891e+04,2.310559e+04,1.010084e+04,3.753889e+04,1.904563e+04,1.810881e+04,4.593066e+04,-9.534738e+03,2.278506e+04,-5.678243e+03,2.034269e+04
4.305612e+04,5.711268e+04,3.423296e+04,2.161050e+04,3.457067e+04,6.818749e+04,1.039923e+04,2.294207e+04,1.930267e+04,6.865546e+03,-6.315126e+03,2.857671e+04,1.576508e+04,1.867305e+04,2.520001e+04,1.595808e+04,1.620992e+04,3.261653e+04,1.663104e+04,8.104511e+03,2.052529e+04,1.459201e+04,1.206321e+04,2.105817e+04,2.308829e+04,1.013304e+04,3.752774e+04,1.903676e+04,1.809612e+04,4.591806e+04,-9.532143e+03,2.276848e+04,-5.721088e+03,2.034346e+04
4.303965e+04,5.709660e+04,3.421751e+04,2.159736e+04,3.456859e+04,6.820416e+04,1.044043e+04,2.295093e+04,1.931987e+04,6.875008e+03,-6.296736e+03,2.858762e+04,1.578120e+04,1.868115e+04,2.521535e+04,1.594719e+04,1.621791e+04,3.263733e+04,1.662710e+04,8.123729e+03,2.056437e+04,1.459150e+04,1.206984e+04,2.107412e+04,2.309388e+04,1.013672e+04,3.752213e+04,1.903694e+04,1.808980e+04,4.590436e+04,-9.529967e+03,2.275449e+04,-5.753413e+03,2.033219e+04
4.299879e+04,5.708165e+04,3.420184e+04,2.157727e+04,3.456423e+04,6.822427e+04,1.048948e+04,2.297173e+04,1.933996e+04,6.861246e+03,-6.292290e+03,2.857366e+04,1.578168e+04,1.868573e+04,2.522717e+04,1.591931e+04,1.624796e+04,3.265420e+04,1.660530e+04,8.127786e+03,2.058204e+04,1.459912e+04,1.208754e+04,2.110242e+04,2.309848e+04,1.013665e+04,3.751963e+04,1.902917e+04,1.807419e+04,4.588259e+04,-9.555157e+03,2.274297e+04,-5.746769e+03,2.029376e+04
4.296469e+04,5.705244e+04,3.418415e+04,2.155288e+04,3.455065e+04,6.823962e+04,1.052957e+04,2.297868e+04,1.931725e+04,6.838940e+03,-6.288007e+03,2.856725e+04,1.573066e+04,1.869167e+04,2.523585e+04,1.586726e+04,1.625990e+04,3.262655e+04,1.659748e+04,8.108488e+03,2.055515e+04,1.462183e+04,1.209458e+04,2.113243e+04,2.311316e+04,1.012583e+04,3.751740e+04,1.902411e+04,1.806270e+04,4.586372e+04,-9.529976e+03,2.273787e+04,-5.692631e+03,2.029844e+04
4.291313e+04,5.701095e+04,3.416370e+04,2.153017e+04,3.452778e+04,6.825287e+04,1.053390e+04,2.298563e+04,1.926954e+04,6.813613e+03,-6.305402e+03,2.854133e+04,1.568946e+04,1.868674e+04,2.522270e+04,1.580478e+04,1.625605e+04,3.259731e+04,1.658837e+04,8.068565e+03,2.052468e+04,1.460086e+04,1.208041e+04,2.117599e+04,2.313098e+04,1.009250e+04,3.750600e+04,1.899054e+04,1.803321e+04,4.584275e+04,-9.537029e+03,2.274177e+04,-5.661390e+03,2.030482e+04
4.287222e+04,5.699000e+04,3.415353e+04,2.151907e+04,3.447829e+04,6.824274e+04,1.052838e+04,2.299572e+04,1.923080e+04,6.778616e+03,-6.325669e+03,2.852251e+04,1.566394e+04,1.867343e+04,2.520635e+04,1.575893e+04,1.626297e+04,3.259884e+04,1.655702e+04,8.008673e+03,2.048141e+04,1.457282e+04,1.204899e+04,2.120281e+04,2.312694e+04,1.008019e+04,3.749146e+04,1.895957e+04,1.800965e+04,4.582970e+04,-9.524168e+03,2.271218e+04,-5.663378e+03,2.027769e+04
4.287700e+04,5.698761e+04,3.415978e+04,2.152193e+04,3.442169e+04,6.823494e+04,1.054254e+04,2.300122e+04,1.921735e+04,6.752064e+03,-6.335606e+03,2.851549e+04,1.563349e+04,1.865833e+04,2.520050e+04,1.572147e+04,1.625960e+04,3.260884e+04,1.656336e+04,7.937843e+03,2.042125e+04,1.455077e+04,1.203458e+04,2.119565e+04,2.311486e+04,1.010221e+04,3.748033e+04,1.895131e+04,1.800514e+04,4.583222e+04,-9.483177e+03,2.272183e+04,-5.657274e+03,2.030449e+04
4.288296e+04,5.698967e+04,3.417160e+04,2.153410e+04,3.439694e+04,6.822877e+04,1.055337e+04,2.300253e+04,1.919672e+04,6.696431e+03,-6.368625e+03,2.844481e+04,1.562217e+04,1.865065e+04,2.520746e+04,1.570772e+04,1.625999e+04,3.260128e+04,1.656028e+04,7.857711e+03,2.039627e+04,1.451942e+04,1.204355e+04,2.118541e+04,2.311269e+04,1.012572e+04,3.747208e+04,1.894861e+04,1.800744e+04,4.584274e+04,-9.500744e+03,2.275785e+04,-5.668354e+03,2.032349e+04
4.289133e+04,5.700636e+04,3.418292e+04,2.155164e+04,3.441125e+04,6.821646e+04,1.054082e+04,2.299154e+04,1.912185e+04,6.627018e+03,-6.402716e+03,2.836554e+04,1.563824e+04,1.866710e+04,2.520404e+04,1.570456e+04,1.627621e+04,3.259100e+04,1.653644e+04,7.798844e+03,2.035878e+04,1.449470e+04,1.204884e+04,2.116493e+04,2.311449e+04,1.011704e+04,3.748062e+04,1.896674e+04,1.802687e+04,4.585949e+04,-9.498540e+03,2.274605e+04,-5.698039e+03,2.028978e+04
4.290022e+04,5.702424e+04,3.419904e+04,2.157226e+04,3.441727e+04,6.821107e+04,1.052695e+04,2.296431e+04,1.905760e+04,6.593593e+03,-6.422389e+03,2.832701e+04,1.563293e+04,1.869494e+04,2.519524e+04,1.570232e+04,1.627290e+04,3.257448e+04,1.651512e+04,7.749196e+03,2.031008e+04,1.447128e+04,1.204830e+04,2.114599e+04,2.313051e+04,1.010828e+04,3.748782e+04,1.896798e+04,1.803283e+04,4.587397e+04,-9.483975e+03,2.276661e+04,-5.726585e+03,2.029012e+04
4.290454e+04,5.702986e+04,3.421569e+04,2.159017e+04,3.442267e+04,6.820708e+04,1.050074e+04,2.293226e+04,1.901860e+04,6.580784e+03,-6.440210e+03,2.833273e+04,1.561666e+04,1.871596e+04,2.519263e+04,1.572777e+04,1.625697e+04,3.256840e+04,1.648792e+04,7.710117e+03,2.028107e+04,1.445822e+04,1.202838e+04,2.114365e+04,2.314290e+04,1.011642e+04,3.749350e+04,1.897082e+04,1.804125e+04,4.589051e+04,-9.476254e+03,2.277526e+04,-5.712953e+03,2.028945e+04
4.293026e+04,5.704070e+04,3.422949e+04,2.160810e+04,3.442661e+04,6.820860e+04,1.047667e+04,2.292132e+04,1.899173e+04,6.589894e+03,-6.438953e+03,2.837622e+04,1.561934e+04,1.873509e+04,2.519001e+04,1.576307e+04,1.625971e+04,3.258303e+04,1.650088e+04,7.681233e+03,2.024354e+04,1.443335e+04,1.200671e+04,2.113612e+04,2.312105e+04,1.013591e+04,3.750237e+04,1.897652e+04,1.804952e+04,4.590883e+04,-9.470874e+03,2.275044e+04,-5.646136e+03,2.030435e+04
4.294505e+04,5.705468e+04,3.423908e+04,2.162609e+04,3.442242e+04,6.819927e+04,1.045530e+04,2.290318e+04,1.899032e+04,6.597316e+03,-6.410441e+03,2.841276e+04,1.562216e+04,1.873016e+04,2.520413e+04,1.579435e+04,1.625265e+04,3.259425e+04,1.651575e+04,7.650472e+03,2.020523e+04,1.439100e+04,1.199477e+04,2.111762e+04,2.310421e+04,1.011264e+04,3.749992e+04,1.896687e+04,1.805070e+04,4.592357e+04,-9.494446e+03,2.274358e+04,-5.629645e+03,2.034545e+04
4.295090e+04,5.707449e+04,3.424631e+04,2.164070e+04,3.442792e+04,6.817986e+04,1.042916e+04,2.288839e+04,1.899699e+04,6.596461e+03,-6.373186e+03,2.845092e+04,1.562718e+04,1.871299e+04,2.521314e+04,1.580064e+04,1.624396e+04,3.259942e+04,1.651614e+04,7.666565e+03,2.019961e+04,1.434448e+04,1.196313e+04,2.111097e+04,2.310456e+04,1.006820e+04,3.750860e+04,1.898391e+04,1.806720e+04,4.593533e+04,-9.517084e+03,2.273632e+04,-5.644636e+03,2.031928e+04
4.296420e+04,5.710172e+04,3.425572e+04,2.165659e+04,3.440353e+04,6.816903e+04,1.042618e+04,2.289791e+04,1.901722e+04,6.600893e+03,-6.345848e+03,2.848210e+04,1.562853e+04,1.870998e+04,2.521589e+04,1.578141e+04,1.624772e+04,3.260379e+04,1.653802e+04,7.708651e+03,2.021579e+04,1.431805e+04,1.193303e+04,2.111996e+04,2.309900e+04,1.009227e+04,3.752444e+04,1.900112e+04,1.807720e+04,4.594892e+04,-9.534227e+03,2.275109e+04,-5.633503e+03,2.031265e+04
4.296555e+04,5.711619e+04,3.425309e+04,2.166754e+04,3.437013e+04,6.815669e+04,1.042250e+04,2.290869e+04,1.900938e+04,6.579696e+03,-6.338023e+03,2.850119e+04,1.562245e+04,1.871040e+04,2.521476e+04,1.579433e+04,1.624367e+04,3.260266e+04,1.654490e+04,7.737141e+03,2.022026e+04,1.431516e+04,1.192895e+04,2.111461e+04,2.309951e+04,1.011373e+04,3.753397e+04,1.901740e+04,1.809729e+04,4.596990e+04,-9.536605e+03,2.275544e+04,-5.665264e+03,2.029912e+04
4.297137e+04,5.711332e+04,3.424707e+04,2.166621e+04,3.440810e+04,6.814490e+04,1.041470e+04,2.292519e+04,1.900296e+04,6.548000e+03,-6.347341e+03,2.850631e+04,1.561291e+04,1.870085e+04,2.520141e+04,1.582200e+04,1.623982e+04,3.260480e+04,1.653672e+04,7.757001e+03,2.020353e+04,1.429909e+04,1.190724e+04,2.110933e+04,2.309671e+04,1.011285e+04,3.754216e+04,1.904027e+04,1.811207e+04,4.597992e+04,-9.522192e+03,2.274193e+04,-5.670764e+03,2.028616e+04
4.295712e+04,5.710125e+04,3.424524e+04,2.165388e+04,3.448579e+04,6.813249e+04,1.041010e+04,2.291410e+04,1.900649e+04,6.505013e+03,-6.374215e+03,2.848439e+04,1.559583e+04,1.867503e+04,2.519117e+04,1.583273e+04,1.624338e+04,3.259877e+04,1.653299e+04,7.775231e+03,2.019083e+04,1.429853e+04,1.186846e+04,2.111587e+04,2.308044e+04,1.010505e+04,3.754513e+04,1.904569e+04,1.810472e+04,4.597048e+04,-9.520359e+03,2.272323e+04,-5.630282e+03,2.032077e+04
4.292175e+04,5.708498e+04,3.423700e+04,2.164198e+04,3.450789e+04,6.812553e+04,1.040153e+04,2.289823e+04,1.898240e+04,6.451288e+03,-6.390240e+03,2.847265e+04,1.558206e+04,1.865704e+04,2.517679e+04,1.584571e+04,1.626724e+04,3.255627e+04,1.652351e+04,7.800824e+03,2.020404e+04,1.431582e+04,1.185770e+04,2.111797e+04,2.306461e+04,1.008770e+04,3.754773e+04,1.905291e+04,1.810250e+04,4.595827e+04,-9.519365e+03,2.272164e+04,-5.631560e+03,2.032156e+04
4.292014e+04,5.705791e+04,3.422416e+04,2.163207e+04,3.448250e+04,6.812341e+04,1.041672e+04,2.291518e+04,1.898054e+04,6.409792e+03,-6.389683e+03,2.845999e+04,1.557153e+04,1.864494e+04,2.515779e+04,1.585281e+04,1.629816e+04,3.253987e+04,1.651587e+04,7.808438e+03,2.021581e+04,1.431994e+04,1.186211e+04,2.112193e+04,2.307093e+04,1.009866e+04,3.754439e+04,1.903892e+04,1.807794e+04,4.593986e+04,-9.516324e+03,2.274241e+04,-5.644428e+03,2.032947e+04
4.291792e+04,5.702866e+04,3.420641e+04,2.161727e+04,3.446994e+04,6.811489e+04,1.043085e+04,2.293003e+04,1.898190e+04,6.370700e+03,-6.396982e+03,2.842500e+04,1.555615e+04,1.862983e+04,2.513860e+04,1.585522e+04,1.630832e+04,3.256523e+04,1.651272e+04,7.801858e+03,2.021765e+04,1.432123e+04,1.187315e+04,2.113170e+04,2.309987e+04,1.010101e+04,3.753281e+04,1.900607e+04,1.804494e+04,4.591518e+04,-9.521861e+03,2.273605e+04,-5.659352e+03,2.032247e+04
4.288240e+04,5.702041e+04,3.419383e+04,2.160783e+04,3.448563e+04,6.811917e+04,1.041352e+04,2.294501e+04,1.897325e+04,6.344671e+03,-6.399108e+03,2.839529e+04,1.555037e+04,1.862647e+04,2.512359e+04,1.587152e+04,1.631193e+04,3.258751e+04,1.650695e+04,7.809187e+03,2.022327e+04,1.432783e+04,1.189750e+04,2.115227e+04,2.312603e+04,1.010555e+04,3.752153e+04,1.899422e+04,1.803344e+04,4.589930e+04,-9.518759e+03,2.274963e+04,-5.662474e+03,2.032022e+04
